{
  "metrics": {
    "count": 11,
    "tavily_calls": 0,
    "kb_only": 11,
    "tavily_latencies": [],
    "retrieval_latencies": [
      0.56095290184021,
      0.6686818599700928,
      0.8002426624298096,
      0.5794341564178467,
      0.544043779373169,
      0.6304218769073486,
      2.5600507259368896,
      0.6880362033843994,
      0.7198121547698975,
      1.0901985168457031,
      0.61771559715271
    ]
  },
  "avg_tavily_latency": null,
  "avg_retrieval_latency": 0.8599627668207342
}